,text,count
0,轉過,1
1,街仔路,1
2,無意義,1
3,走衝,1
4,天光,1
5,天黑,3
6,萬事,1
7,攏照,1
8,無聊,14
9,起狂,1
10,忍受到,1
11,囉唆,2
12,世界,157
13,前途,3
14,看不著,1
15,聲音,5
16,青春,26
17,戰爭,4
18,渴望,4
19,流血,3
20,什麼,80
21,絕招,1
22,好兄弟,2
23,打攏,1
24,想要,86
25,走路,3
26,真真正正,1
27,英雄,20
28,麥憨,3
29,黑白,1
30,執著,7
31,反而,12
32,蹉跎,3
33,等候,6
34,錯過,4
35,找到,23
36,成就,3
37,墜落,4
38,溫暖,10
39,折磨,1
40,寂寞,26
41,太多,17
42,喧嘩,3
43,擁擠,2
44,自由,42
45,野獸,2
46,是否,24
47,看穿,2
48,假裝,5
49,冷漠,3
50,害怕,12
51,帶走,5
52,屬於,7
53,溫柔,32
54,清楚,5
55,朦朧,1
56,瞭解,12
57,惶恐,1
58,保持,3
59,沉默,18
60,脆弱,2
61,忍耐,9
62,洶湧,1
63,巨大,7
64,海洋,10
65,雨下,1
66,失去,14
67,自己,132
68,形狀,4
69,看到,40
70,遠方,4
71,愛情,55
72,模樣,9
73,曾經,29
74,孤單,42
75,徬徨,3
76,相信,62
77,失望,17
78,穿過,26
79,重重,2
80,迷惘,2
81,慌張,2
82,終於,45
83,解放,1
84,狂戀,1
85,勇敢,12
86,挑戰,5
87,一樣,42
88,身體,5
89,裡面,20
90,感覺,33
91,無所謂,1
92,沒有,105
93,界限,1
94,謎樣,1
95,魔力,1
96,強烈,1
97,星星,11
98,夜空,2
99,閃亮,1
100,星空,14
101,不停,13
102,流浪,6
103,無知,6
104,奔忙,1
105,因為,42
106,眼光,1
107,化成,6
108,光亮,1
109,全部,6
110,漂亮,3
111,不過,8
112,可愛,6
113,雙手,13
114,投降,19
115,跨出,1
116,城牆,2
117,長出,8
118,翅膀,5
119,Repeat,40
120,今天,33
121,陽光,8
122,突然,40
123,然後,47
124,發現,35
125,改變,30
126,今後,3
127,如果,125
128,怎麼,46
129,渡過,2
130,風光,8
131,身邊,23
132,從來,10
133,關係,3
134,擁有,35
135,打擾,3
136,知道,48
137,明瞭,4
138,為什麼,53
139,明明,3
140,靠近,9
141,黎明,14
142,綺麗,2
143,總是,23
144,不知不覺,7
145,不情,2
146,不願,2
147,巷子,2
148,預兆,2
149,理由,10
150,真的,44
151,親愛的,13
152,甘放,2
153,暗眠,4
154,雨聲,3
155,親像,13
156,海浪,4
157,棉被,4
158,底下,2
159,代誌,8
160,已經,45
161,不再,27
162,可能,8
163,天頂,10
164,眼屎,2
165,命運,31
166,你我,31
167,逗作,2
168,享受到,2
169,愛人,12
170,甜蜜,3
171,拆分,3
172,親愛,8
173,今仔日,3
174,人生,118
175,永遠,77
176,太空,3
177,擔當,3
178,昨日,7
179,水流,3
180,葬入,3
181,麥想起,2
182,粒星,2
183,飛過,11
184,落雨,3
185,放袂,2
186,海湧,1
187,下跤,1
188,落袂,1
189,目屎,2
190,袂滇,1
191,鬥做,1
192,享受,8
193,無地,1
194,tsiong,2
195,gu,14
196,png,1
197,tsu,9
198,lu,1
199,si,1
200,hong,1
201,tshu,1
202,想起,9
203,彼粒星,1
204,hit,1
205,liap,1
206,tshinn,1
207,又閣,1
208,暗暝,1
209,沈重,6
210,振動,6
211,好子,5
212,歹人,6
213,只是,34
214,飄浪,6
215,西東,5
216,做人,6
217,奸巧,5
218,鑽縫,5
219,甘願,15
220,憨人,10
221,頭腦,9
222,空空,10
223,米蟲,8
224,怎歡喜,8
225,甘講,9
226,走過,40
227,只有,30
228,希望,60
229,心肝,18
230,總有一天,15
231,金條,5
232,環境,5
233,戲弄,7
234,背景,5
235,無夠,10
236,天才,5
237,逐項,5
238,攏輸,5
239,只好,7
240,看破,6
241,虛華,5
242,路歹行,4
243,大雨,7
244,面對,6
245,知影,8
246,總會,14
247,毋敢,1
248,毋是,6
249,眠夢,3
250,毋願,2
251,戇人,2
252,秋冬,2
253,lo,5
254,bng,3
255,彼个,2
256,kinn,2
257,ku,20
258,行過,2
259,驚路,1
260,歹行,1
261,一字,1
262,lalalala,1
263,啦啦啦啦,2
264,志明,8
265,真正,42
266,按怎,12
267,相偎,3
268,春嬌,8
269,其實,24
270,攏總,3
271,走到,8
272,淡水,5
273,海岸,3
274,最好,9
275,凍止,2
276,麥閣,4
277,傷心,14
278,心情,28
279,影寒,3
280,電影,6
281,準嘟煞,2
282,地方,31
283,相見,4
284,留戀,4
285,愛上,15
286,即使,14
287,出現,19
288,拋棄,3
289,最後,64
290,情緣,3
291,縱然,3
292,遼闊,4
293,外面,4
294,精采,9
295,好多,3
296,那麼多,25
297,那麼,41
298,還是,48
299,矛盾,5
300,反覆,5
301,明白,9
302,這裡,16
303,等待,40
304,就算,54
305,塌下來,2
306,昨天,26
307,眼前,8
308,美好,6
309,混亂,12
310,胸口,2
311,一直,37
312,名字,7
313,期待,54
314,甘真正,1
315,簡單,5
316,離開,24
317,月娘,1
318,認真,2
319,就是,40
320,浪費,14
321,時間,38
322,甘愛,1
323,逗陣,4
324,日子,25
325,傷害,4
326,愛甲,3
327,出力,4
328,試看,2
329,擾亂,2
330,原本,2
331,平靜,6
332,甘未,2
333,交代,2
334,真情,3
335,真愛,4
336,大海,7
337,真心,3
338,真意,3
339,無奈,5
340,當初,12
341,約束,3
342,所在,5
343,想不到,3
344,青睬,1
345,將來,1
346,生活,27
347,奇怪,7
348,社會,1
349,甘無,1
350,體會,2
351,一定,29
352,高低,1
353,無力,2
354,相爭,1
355,這些,5
356,道理,1
357,生命,43
358,無法度照,1
359,無法度,1
360,控制,3
361,飛到,7
362,朋友,28
363,親戚,1
364,甲厝,1
365,頭尾,1
366,雞蛋,1
367,雞屎,1
368,一天到晚,1
369,冤家,1
370,甘著,1
371,按呢,4
372,放捨,1
373,一切,17
374,免閣,1
375,無底,2
376,鬥志,1
377,鬥不過,1
378,水龍頭,1
379,流出,1
380,眼淚,51
381,殘酷,7
382,一千,5
383,解決,1
384,EVERYBODY,1
385,EVREYTHING,1
386,WONTT,1
387,BE,1
388,OK,22
389,七點,3
390,咖啡,2
391,紅綠燈,1
392,斑馬線,1
393,BUSY,1
394,GAME,2
395,EVREYDAY,1
396,瘋狂,34
397,明天,41
398,考驗,1
399,來到,19
400,遠離,4
401,那些,27
402,再見,5
403,喜怒哀樂,2
404,苦辣酸,1
405,邊緣,4
406,徘徊,2
407,滋味,6
408,夢想,46
409,午餐,3
410,吃飯,13
411,喜歡,6
412,忙碌,1
413,電話,13
414,吵醒,2
415,星期天,1
416,珍惜,2
417,換來,4
418,理想,8
419,劃過,1
420,東南西北,1
421,不清,6
422,CRYING,1
423,答案,5
424,終點,8
425,後面,2
426,信念,2
427,現在,54
428,狂奔,3
429,白天,2
430,慢慢,12
431,IM,2
432,SUPERMAN,1
433,需要,24
434,體溫,13
435,雖然,17
436,此刻,22
437,一點,17
438,覺得,17
439,寒冷,3
440,感到,3
441,飢餓,5
442,滿滿,5
443,撐漲,3
444,靈魂,25
445,相戀,5
446,不能,80
447,傾國傾城,4
448,傾倒,4
449,越來越,10
450,堅固,4
451,熱情,7
452,直到,32
453,天明,19
454,外衣,10
455,內衣,10
456,刺探,5
457,深深,15
458,深處,15
459,秘密,10
460,降臨,6
461,真理,5
462,之前,15
463,只要,41
464,盡情,11
465,嬉戲,5
466,在乎,8
467,姓名,3
468,過去,10
469,如此,4
470,清醒,5
471,打算,7
472,離去,7
473,夏天,8
474,美眉,1
475,他們,13
476,養眼,1
477,海邊,5
478,高雄,3
479,打電話,2
480,見面,1
481,想念,11
482,昨眠,1
483,小漢,1
484,熟悉,5
485,原是,1
486,時陣,2
487,鼻頭,1
488,酸澀,1
489,想說,4
490,漂泊,1
491,不管,21
492,怎的,1
493,攏不甘放,1
494,天涯海角,2
495,胸膛,1
496,阮愛,1
497,故鄉,5
498,花朵,4
499,變作,1
500,反白,1
501,頭髮,4
502,疼痛,13
503,代念,1
504,故意,2
505,門窗,1
506,打拼,1
507,chiisa,1
508,na,24
509,pokke,1
510,ni,25
511,gyutto,1
512,tsumateita,1
513,kusa,1
514,no,30
515,nioi,1
516,takaramomotachi,1
517,wa,12
518,kakurembo,1
519,hodoketa,1
520,kutsuhimo,1
521,musunde,1
522,kureta,1
523,kimi,1
524,nose,1
525,manatsu,1
526,takasugiru,1
527,kumo,1
528,mukatte,1
529,shouryokou,1
530,FROM,10
531,LONELY,8
532,DAYS,4
533,WE,10
534,CAN,8
535,FLY,8
536,mabuta,1
537,ura,1
538,ano,1
539,hi,11
540,bokura,2
541,NIGHTS,4
542,itsu,1
543,demo,1
544,nani,1
545,ka,13
546,kizutsuiteta,1
547,ne,8
548,Im,12
549,just,12
550,in,13
551,love,12
552,oh,64
553,Singin,2
554,my,9
555,life,11
556,furuita,1
557,arubamu,1
558,hiraita,1
559,boku,1
560,wakakatta,1
561,futari,1
562,to,14
563,ima,1
564,ja,1
565,toshi,1
566,mo,12
567,sou,1
568,kawaranai,1
569,Shouwa,1
570,iu,1
571,jidai,1
572,kakaete,1
573,hashitta,1
574,sonna,1
575,anata,1
576,ikigai,1
577,ga,16
578,shimite,1
579,nakitaku,1
580,naru,1
581,yutaka,1
582,hibi,1
583,natsukashiku,1
584,omou,1
585,THANK,2
586,YOU,10
587,FOR,2
588,YOUR,2
589,LOVE,9
590,WILL,2
591,ROCK,2
592,WORDS,2
593,HEAVEN,2
594,IN,1
595,小小,7
596,口袋,1
597,視為,1
598,寶物,1
599,青草香,1
600,捉迷藏,1
601,解開,1
602,鞋帶,1
603,一塊兒,1
604,搭乘,1
605,朝著,2
606,盛夏,6
607,雲端,2
608,旅行,3
609,記憶,1
610,我們,216
611,無論,14
612,何時,11
613,任何,6
614,原因,6
615,Oh,21
616,singin,2
617,泛黃,1
618,相本,1
619,翻開,1
620,以及,3
621,年輕,3
622,雙親,1
623,隨著,1
624,歲月,20
625,昭和,1
626,時代,3
627,時光,8
628,奔馳,1
629,時候,44
630,生存,23
631,意義,3
632,放聲,1
633,大哭,1
634,懷念,12
635,多彩多姿,1
636,說不來,2
637,high,11
638,大家,30
639,開開心心,2
640,出來,2
641,埋頭,2
642,習慣,8
643,鎖起來,2
644,實在,3
645,應該,34
646,開始,42
647,怎麼辦,4
648,有的,5
649,分擔,4
650,Everything,1
651,will,16
652,be,33
653,alright,8
654,Tomorrow,2
655,fine,8
656,太陽,21
657,依然,38
658,燦爛,22
659,Hey,10
660,地球,49
661,繼續,20
662,Every,1
663,thing,2
664,陪伴,15
665,一起,48
666,終結,2
667,衛冕者,2
668,接受,9
669,難免,4
670,失敗,14
671,比賽,4
672,樂觀,2
673,抬起來,2
674,勇氣,18
675,加滿,1
676,這樣,49
677,完美,7
678,High,4
679,La,65
680,La>La,1
681,鞦韆,1
682,孤獨,11
683,快樂,79
684,上面,2
685,擺盪,1
686,草原,1
687,搖曳,1
688,蒸發,7
689,孩子,23
690,而且,1
691,長大,18
692,旅途,1
693,盛開,8
694,繁花,1
695,追逐,19
696,白色,2
697,飛馬,1
698,陌生,2
699,霓虹,2
700,生涯,2
701,如果說,9
702,回頭,14
703,不必,6
704,幸福,31
705,解答,11
706,為何,26
707,童話,6
708,星斗,1
709,迷幻,1
710,舞池,2
711,大聲,21
712,喊出,1
713,午夜,3
714,喧鬧,4
715,融化,2
716,日出,5
717,疲勞,1
718,掙扎,9
719,以為,13
720,可以,39
721,短暫,15
722,驚訝,1
723,男孩,9
724,影后,1
725,瀟灑,2
726,神秘,4
727,到達,2
728,追憶,3
729,水年華,2
730,丟棄,1
731,相片,7
732,mm,1
733,隱隱約約,2
734,枯坐,1
735,刻滿,1
736,諾言,4
737,夜裡,3
738,夢到,3
739,彩虹,12
740,盡頭,16
741,寶箱,1
742,打開,1
743,第一,39
744,記得,33
745,有沒有,28
746,不會,22
747,能不能,24
748,不要,60
749,十八,2
750,啤酒,3
751,火箭,2
752,發射,4
753,轟隆隆隆,1
754,星球,6
755,苦苦,1
756,突然間,2
757,感動,30
758,轟隆,1
759,隆隆,1
760,伊甸園,2
761,偷吃,1
762,蘋果,5
763,天旋地轉,1
764,登陸,3
765,月球,3
766,良心,3
767,所以,10
768,得到,2
769,容易,10
770,放手,18
771,能不能不要,1
772,觀眾,3
773,苦澀,17
774,甘擱,2
775,風雨,19
776,思念,19
777,別人,25
778,記哩,2
779,散步,3
780,公車,2
781,心願,7
782,覺悟,5
783,結束,11
784,甘知,3
785,力量,9
786,全新,3
787,光明,2
788,錯誤,2
789,無味,2
790,平凡,17
791,世間,2
792,微微,2
793,怨歎,1
794,甘不,2
795,氣力,2
796,稍微,3
797,無睬,2
798,唯一,14
799,價值,2
800,阮甘願,2
801,放棄,12
802,擱流出,2
803,歡喜,5
804,代志,1
805,身軀,3
806,唱歌,9
807,或是,13
808,阮憨,2
809,西北雨,3
810,下午,2
811,笑容,15
812,充滿,15
813,心臟,21
814,誰人,14
815,整眠,2
816,煩惱,47
817,無情,11
818,阻礙,3
819,一生,54
820,艱苦,5
821,互相,3
822,照顧,19
823,感想,3
824,到底,9
825,好不好,6
826,驚阮,3
827,信用,3
828,苦衷,4
829,丟進,2
830,垃圾車,7
831,飽睏,2
832,睏飽,3
833,賣想,3
834,說到,3
835,七桃,3
836,計較,6
837,輸贏,7
838,愛玩,4
839,米名,1
840,晚時,2
841,垃圾,2
842,早時,2
843,堵車,2
844,寒天,2
845,熱天,3
846,甲意,4
847,形影,2
848,逐天,3
849,作眠,2
850,分鐘,4
851,不當,2
852,輕鬆,4
853,九月,2
854,無望,8
855,決定,27
856,沒法度,6
857,遇到,3
858,歹歹,1
859,時機,2
860,顛倒,1
861,無閒,1
862,性命,3
863,吹到,1
864,風浪,4
865,頭頂,1
866,變天,1
867,不用,3
868,百萬,1
869,富貴,3
870,議員,1
871,立委,1
872,啦啦啦,22
873,借問,7
874,神明,7
875,甘攏,3
876,甘有,4
877,成功,11
878,阿知,1
879,阿嬤,1
880,燒香,1
881,抽籤詩,1
882,聞到,1
883,香火,1
884,香味,2
885,貪心,3
886,好人,1
887,保佑,3
888,子子孫孫,1
889,餵飼,1
890,順順,1
891,勢勢,1
892,生意,1
893,男女,1
894,青紅燈,1
895,緣起緣,1
896,註定,3
897,無可,1
898,海海,1
899,舵位,1
900,Chu,3
901,頭殼,4
902,攏裝,1
903,心事,1
904,憂愁,2
905,晃頭,1
906,跳舞,11
907,喔喔,26
908,啾啾啾,6
909,耶耶耶,8
910,啾啾,3
911,彩色,2
912,檢查,1
913,目珠,1
914,甘看,1
915,鬱卒,1
916,單純,6
917,放輕鬆,4
918,觸摸到,2
919,夏日,3
920,走入,2
921,森林,2
922,聆聽,5
923,呼吸,31
924,留下,18
925,天和,3
926,在一起,16
927,眼睛,16
928,哭泣,9
929,雨衣,2
930,後座,2
931,回憶,54
932,歌曲,12
933,黑夜,7
934,終究,6
935,哪裡,30
936,勾勾,5
937,手蓋,3
938,手印,3
939,約定,11
940,美麗,13
941,yeah,3
942,故事,28
943,結局,9
944,冬季,2
945,冰冷風,2
946,於是,8
947,能不能夠,2
948,2001,2
949,想像,13
950,有點,6
951,距離,1
952,少男,1
953,少女,1
954,Icq,1
955,將要,1
956,倒下,1
957,紅燈,1
958,熄滅,4
959,傾斜,1
960,開出,1
961,玫瑰,6
962,隻字片,1
963,熱烈,7
964,火熱,1
965,訊號,1
966,蜿蜒,1
967,心田,1
968,冒險,2
969,世外桃源,1
970,甜美,10
971,新鮮,3
972,更多,11
973,住在,6
974,冰冷,1
975,厭倦,2
976,謊言,3
977,擱淺,1
978,阿花,1
979,阿嬌,1
980,佳意,1
981,技術,1
982,一流,1
983,學校,1
984,老師,2
985,ABCD,1
986,卡憨,1
987,攏免,1
988,老爸,1
989,老母,1
990,喋喋,1
991,喋唸,1
992,問題,6
993,這時,2
994,陣上,2
995,作陣,4
996,來去,2
997,軋車,4
998,毋管,1
999,警察,1
1000,毋管伊,1
1001,父母,1
1002,引擎,1
1003,催落,1
1004,今日,2
1005,攏底,1
1006,打拍仔,1
1007,逐家,1
1008,Super,1
1009,Star,1
1010,底顫,1
1011,流汗,4
1012,這麼,23
1013,車拼,2
1014,但是,22
1015,OKLA,10
1016,衰尾,5
1017,解鬱,1
1018,厲害,2
1019,感冒,2
1020,頭痛,2
1021,袂擱,1
1022,大呆,2
1023,蝦米,1
1024,重要,17
1025,不可,3
1026,快活,7
1027,LA,1
1028,佇立,1
1029,心跳,15
1030,聽見,6
1031,深夜,1
1032,誓言,11
1033,迴盪,3
1034,閃動,1
1035,雙眼,2
1036,羞怯,1
1037,加深,2
1038,交界,1
1039,看見,12
1040,願意,14
1041,走向,3
1042,天天,14
1043,告訴,12
1044,守住,1
1045,留給,1
1046,輕輕,6
1047,閉上,7
1048,一些,6
1049,挽留,4
1050,字句,2
1051,絢爛,2
1052,世紀,7
1053,深情,2
1054,歡迎,6
1055,用力,20
1056,好像,31
1057,鬧劇,1
1058,對白,3
1059,不斷,8
1060,找尋,11
1061,犯錯,1
1062,反正,10
1063,自作多情,1
1064,看家本領,1
1065,收拾,1
1066,行李,1
1067,hate,1
1068,myself,1
1069,天生,7
1070,墮落,5
1071,做夢,5
1072,耳朵,7
1073,聽到,12
1074,節奏,12
1075,藉口,8
1076,囉嗦,3
1077,對手,2
1078,輸掉,3
1079,接關,2
1080,好說,2
1081,豬頭,5
1082,搖滾,11
1083,超能力,3
1084,so,5
1085,give,1
1086,me,8
1087,rockn,1
1088,roll,1
1089,耳機,2
1090,失火,1
1091,麻辣鍋,2
1092,吉他手,4
1093,演奏,5
1094,本事,1
1095,樣子,4
1096,國語版,3
1097,爛命,1
1098,影子,5
1099,地上,6
1100,抓著,1
1101,額頭,1
1102,流下,2
1103,流進,1
1104,眼眶,4
1105,跳動,2
1106,飛翔,11
1107,多麼,8
1108,戰場,9
1109,裝進,1
1110,紙箱,1
1111,寄送到,1
1112,天堂,36
1113,會不會,17
1114,匆忙,1
1115,不經意,3
1116,佔有,1
1117,初衷,2
1118,透露,3
1119,即將,2
1120,擺脫,1
1121,惡夢,1
1122,擾嚷,1
1123,天下,2
1124,陣容,1
1125,狂飆,1
1126,愛意,1
1127,完全,5
1128,雙頰,2
1129,星座,1
1130,建造,1
1131,王國,1
1132,不同,8
1133,真實,8
1134,赤裸,1
1135,可否,1
1136,退縮,1
1137,保留,1
1138,擁抱,26
1139,變好,1
1140,眼神,11
1141,咆哮,1
1142,解藥,1
1143,胡鬧,3
1144,切過,1
1145,二十,1
1146,蛋糕,1
1147,跌倒,4
1148,像是,14
1149,賽跑,1
1150,過程,2
1151,名次,1
1152,美妙,2
1153,收錄,1
1154,總統,1
1155,小時候,11
1156,作文簿,7
1157,志願,7
1158,幻想,16
1159,如今,17
1160,躲藏,8
1161,走出,2
1162,網咖,2
1163,凌晨,2
1164,三點鐘,2
1165,帝國,2
1166,直達,2
1167,戰慄,2
1168,時空,2
1169,回到,11
1170,目標,4
1171,現實,6
1172,god,4
1173,開心,6
1174,失落,3
1175,我我,3
1176,蝴蝶,4
1177,飛出,4
1178,潛水鐘,3
1179,原地,3
1180,停留,3
1181,後悔,15
1182,複雜,3
1183,懶惰,2
1184,懷疑,4
1185,五十,2
1186,五百萬分之一,2
1187,奇蹟,7
1188,降落,6
1189,從此,7
1190,以後,14
1191,還可以,5
1192,努力,4
1193,追求,4
1194,Have,6
1195,you,7
1196,ever,6
1197,wanna,11
1198,spaceman,2
1199,president,2
1200,Or,2
1201,youre,2
1202,still,2
1203,daydreaming,2
1204,maker,2
1205,存在,11
1206,感慨,2
1207,顫抖,4
1208,下來,2
1209,推翻,5
1210,精彩,8
1211,好好,7
1212,計算,1
1213,準確,1
1214,精心,1
1215,打造,1
1216,劃開,1
1217,動脈,1
1218,也許,34
1219,醒來,1
1220,至少,16
1221,無法,32
1222,毀壞,1
1223,遺憾,21
1224,無關,2
1225,時時刻刻,1
1226,嘲笑,2
1227,OH,16
1228,repeat,1
1229,機車,1
1230,熄火,1
1231,好爛,1
1232,放縱,6
1233,插手,1
1234,多少,22
1235,逃走,2
1236,翻過,2
1237,圍牆,2
1238,教室,1
1239,裡頭,5
1240,奔向,10
1241,角落,7
1242,挑釁,1
1243,開球,1
1244,苦頭,1
1245,綠色,1
1246,地平線,2
1247,沒辦法,6
1248,出差錯,4
1249,始終,14
1250,九號,4
1251,從前,5
1252,書包,3
1253,未來,48
1254,凝視,2
1255,白球,1
1256,暫時,14
1257,天空,42
1258,漸漸,3
1259,爬滿,1
1260,球桌,1
1261,結果,4
1262,難以,1
1263,捉摸,1
1264,瑪莎,7
1265,冬天,7
1266,子彈,4
1267,軀殼,9
1268,人們,24
1269,搖頭,4
1270,跟著,11
1271,作夢,10
1272,和平,4
1273,猜忌,5
1274,戰火,4
1275,消失,22
1276,紅豆,3
1277,宇宙,13
1278,吉他,21
1279,對抗,3
1280,萬千,4
1281,炮火,3
1282,遊戲,7
1283,出糗,3
1284,攝影棚,3
1285,怪獸,20
1286,石頭,9
1287,默默,10
1288,廁所,3
1289,披頭,7
1290,最近,8
1291,快要,4
1292,窒息,1
1293,黏膩,1
1294,踩到,1
1295,陷阱,3
1296,飛簷走壁,5
1297,常常,7
1298,手機,9
1299,打到,3
1300,火星,3
1301,回應,3
1302,科技,3
1303,始於,3
1304,人性,4
1305,可是,8
1306,摸到,3
1307,蚱蜢,3
1308,後勁,3
1309,REPEAT,2
1310,地心,5
1311,引力,4
1312,飛上,7
1313,歌聲,2
1314,哽咽,1
1315,少年,6
1316,征服,4
1317,無聲,11
1318,黑暗,8
1319,光線,5
1320,絕對,15
1321,融化成,4
1322,笑顏,6
1323,煙火,9
1324,上演,2
1325,回歸,1
1326,足跡,3
1327,浪花,4
1328,沖走,1
1329,海岸線,1
1330,冷卻,3
1331,碎裂,1
1332,場景,10
1333,安靜,5
1334,往事,1
1335,手心,9
1336,著迷,1
1337,傷痕,10
1338,變成,43
1339,空座椅,1
1340,亮起,1
1341,虛幻,1
1342,情境,1
1343,好不容易,2
1344,說服,1
1345,懊惱,1
1346,侵襲,1
1347,重來,4
1348,不行,4
1349,再一次,9
1350,放回去,1
1351,付出,3
1352,所有,15
1353,時光機,1
1354,對不起,1
1355,獨自,9
1356,空氣,14
1357,輕盈,1
1358,背後,1
1359,緩緩,1
1360,很多,15
1361,荒唐,4
1362,阿信,25
1363,晚安,11
1364,離別,2
1365,聽說,4
1366,一萬,6
1367,排隊,1
1368,晚上,3
1369,你們,17
1370,OVER,1
1371,五月,3
1372,五月天,6
1373,一眨眼,7
1374,英國,1
1375,回來,26
1376,諺明,4
1377,美國,1
1378,留長,1
1379,這邊,5
1380,聲好,1
1381,分批,1
1382,好看,1
1383,台區,1
1384,搖滾區,2
1385,體育場,4
1386,狀況,3
1387,四萬,3
1388,市立,3
1389,等一下,1
1390,忘記,8
1391,樂器,1
1392,能夠,16
1393,重回,5
1394,謝謝,13
1395,演唱會,7
1396,開場,1
1397,蓋手印,2
1398,問問,1
1399,說話,2
1400,時刻,7
1401,非常,2
1402,家人,4
1403,原始,2
1404,的話,2
1405,專輯,1
1406,168,2
1407,舞台,6
1408,掌聲,2
1409,歡呼聲,1
1410,尖叫聲,1
1411,比不過,1
1412,怎麼說,4
1413,度過,2
1414,高興,2
1415,遵守,1
1416,現場,2
1417,許下,1
1418,8月,1
1419,16號,1
1420,場地,1
1421,團聚,1
1422,借用,1
1423,自私,1
1424,事情,9
1425,母親,2
1426,禱告,2
1427,媽媽,9
1428,好樣,3
1429,祈禱,6
1430,歌迷,1
1431,加油,1
1432,加錯,1
1433,江湖,6
1434,心不由己,3
1435,粘膩,3
1436,踏破,3
1437,天地,7
1438,上天,2
1439,脾氣,2
1440,對待,2
1441,凸槌,2
1442,牽拖,2
1443,壞人,2
1444,好命,2
1445,坐車,2
1446,洗碗,2
1447,欺負,5
1448,拚命,2
1449,為了,16
1450,緣分,2
1451,靠山,4
1452,心聲,2
1453,影傷,1
1454,想到,5
1455,溫泉,1
1456,頭暈目暗,1
1457,軀汗,1
1458,同時,1
1459,微笑,11
1460,一時之間,1
1461,之中,1
1462,錯錯,10
1463,錯錯錯,5
1464,宜靜,1
1465,嫁給,1
1466,大雄,1
1467,崩落,1
1468,同意,2
1469,不如,7
1470,開玩笑,1
1471,幽默,4
1472,搞錯,1
1473,俠女,1
1474,天關,1
1475,尾曲,1
1476,感情,1
1477,杯底,1
1478,呼乾,2
1479,飲呼乾,4
1480,攏飲,1
1481,怨嘆,1
1482,啦啦啦啦啦,9
1483,劃破,1
1484,流星,2
1485,電光,1
1486,石火,1
1487,淚水,16
1488,人人,1
1489,難道,15
1490,童年,1
1491,唱遊,1
1492,轉眼,12
1493,惆悵,1
1494,逗留,2
1495,多重,1
1496,刮起,1
1497,狂風,3
1498,飛走,1
1499,覆蓋,3
1500,沙漠,1
1501,溶化,1
1502,綠洲,1
1503,倒退,5
1504,狼狽,4
1505,傷悲,7
1506,逃離,14
1507,莫名,8
1508,想好,14
1509,挽回,6
1510,夏夜,2
1511,晚風,5
1512,愛恨,4
1513,腳底,2
1514,身旁,15
1515,心傷,1
1516,回家,8
1517,心疼,2
1518,悲傷,14
1519,遺忘,21
1520,戰鬥,7
1521,停出,5
1522,超越,7
1523,風雨刀槍,5
1524,冷笑話,2
1525,巧克力糖,2
1526,收藏,10
1527,睡覺,3
1528,白髮,7
1529,公園,4
1530,長椅,2
1531,足夠,9
1532,輝煌,4
1533,廣告版,1
1534,by,1
1535,紅著,1
1536,眼框,1
1537,蘇格蘭,1
1538,笛聲,1
1539,印度式,1
1540,頹廢,1
1541,蛇人,1
1542,捆成,1
1543,可憐,2
1544,失眠,2
1545,憂鬱,5
1546,血絲,1
1547,蔓延,3
1548,造成,1
1549,眼圈,1
1550,與其,2
1551,消遣,1
1552,王子,2
1553,倒不如,1
1554,王子面,2
1555,抱歉,2
1556,幻覺,2
1557,錯覺,1
1558,算是,1
1559,體驗,3
1560,萬一,1
1561,殘念,1
1562,破恤,1
1563,同樣,1
1564,笛卡爾,1
1565,邏輯,2
1566,重新,5
1567,排列,1
1568,意大利式,1
1569,事物,1
1570,瞬間,13
1571,凡爾賽,1
1572,鮮艷,1
1573,威廉,1
1574,古堡,1
1575,旁邊,1
1576,不遠,1
1577,公主,2
1578,熬夜,1
1579,聊天,1
1580,爆肝,3
1581,沒關係,2
1582,逛街,2
1583,逛成,1
1584,扁平足,1
1585,感謝,6
1586,重生,2
1587,認識,1
1588,戀愛,10
1589,ing,13
1590,happy,6
1591,坐上,5
1592,噴射機,3
1593,黃昏,6
1594,心跳到,3
1595,勝過,2
1596,照進,1
1597,半夜,2
1598,載舟,1
1599,煮粥,1
1600,餵飽,1
1601,維他命,1
1602,某時,1
1603,某人,1
1604,煙花,1
1605,爆炸,3
1606,捨不得,2
1607,倒映,1
1608,火花,1
1609,相愛,3
1610,揮霍完,1
1611,可怕,1
1612,落下,2
1613,魔法,2
1614,增加,1
1615,鑽進,1
1616,佔據,4
1617,發芽,2
1618,吶喊,11
1619,算了,2
1620,代價,3
1621,金多蝦,5
1622,多謝,1
1623,多蝦,2
1624,十七,1
1625,變化,6
1626,大漢,1
1627,之後,9
1628,這麼多,1
1629,佳在,1
1630,挖心,1
1631,攻擊,2
1632,電話亭,1
1633,內褲,1
1634,展開,3
1635,披風,1
1636,飛行,1
1637,賜予,1
1638,無助,4
1639,能力,1
1640,阻擋,5
1641,拯救,6
1642,束手無策,2
1643,飛天,4
1644,遁地,1
1645,長驅直入,1
1646,讚美,2
1647,手臂,1
1648,日日夜夜,19
1649,貼身,1
1650,保護,5
1651,凶狠,1
1652,淚滴,4
1653,難堪,1
1654,超人,1
1655,救不,1
1656,眼看著,1
1657,燃燒成,1
1658,灰燼,1
1659,接手,1
1660,毋知,4
1661,抑是,2
1662,好抑是,1
1663,毋好,2
1664,阮戇,1
1665,km,2
1666,tshi,1
1667,gn,2
1668,gng,1
1669,下晡,1
1670,sinn,1
1671,咧佗,1
1672,袂當,1
1673,啥人,1
1674,規暝,1
1675,捀踮,1
1676,抑毋,1
1677,thiann,1
1678,kng,1
1679,你閣,1
1680,當閣,1
1681,指尖,3
1682,口白人,1
1683,鹹魚,8
1684,兩樣,1
1685,翻身,3
1686,啊人,1
1687,冰塊,1
1688,尷尬,2
1689,改天,1
1690,樓下,1
1691,聽懂,1
1692,不一定,2
1693,走掉,1
1694,受不了,1
1695,天真,10
1696,放開,2
1697,忘掉,13
1698,難熬,1
1699,緊緊,6
1700,咬牙,1
1701,祝福,7
1702,溫室,1
1703,想法,4
1704,淚如雨下,1
1705,萬歲,10
1706,脫掉,5
1707,Na,64
1708,通通,7
1709,Woo,5
1710,抬起,5
1711,驕傲,16
1712,狂舞,4
1713,放晴,3
1714,花綻放,2
1715,音樂,16
1716,來自,4
1717,四方,2
1718,喔喔OK,6
1719,袂閤,1
1720,啥米,1
1721,銀河系,1
1722,要是,1
1723,落淚,1
1724,下雨,1
1725,大地,3
1726,傾聽,2
1727,領悟,2
1728,下定決心,1
1729,恆星,1
1730,恆心,1
1731,花季,2
1732,動魄驚心,1
1733,聰明,1
1734,守護,8
1735,早已,4
1736,堅定,1
1737,兵荒馬亂,3
1738,五百,6
1739,花果山,3
1740,烽火,3
1741,人類,13
1742,西天,6
1743,取經,3
1744,師父,3
1745,卡片,6
1746,問候,4
1747,奮鬥,3
1748,箍棒,1
1749,神勇,3
1750,掏掏,3
1751,齊天大聖,3
1752,奈何,3
1753,小心,3
1754,敗給,3
1755,從不,13
1756,重返,8
1757,光榮,10
1758,好朋友,11
1759,悟淨,3
1760,植髮,3
1761,治好,3
1762,禿頭,3
1763,論及,3
1764,婚嫁,3
1765,女友,3
1766,八戒,3
1767,老是,3
1768,好色,3
1769,本性,6
1770,多雋永,3
1771,取完,3
1772,東邊,3
1773,夥伴,4
1774,不好,4
1775,苦痛,4
1776,晴朗,1
1777,大樹,1
1778,乘涼,1
1779,而是,4
1780,憂傷,11
1781,Enrich,6
1782,your,6
1783,豐富,2
1784,願望,7
1785,藍色,5
1786,製作,2
1787,everything,5
1788,tomorrow,6
1789,裝滿,11
1790,當然,3
1791,every,1
1792,皮膚,3
1793,腦袋,2
1794,血液,3
1795,毀滅,3
1796,逃難,4
1797,爸爸,2
1798,丟上,2
1799,速度,3
1800,一光年,2
1801,沉睡,3
1802,換取,2
1803,漫長,9
1804,年代,3
1805,名為,4
1806,災難,6
1807,諸葛亮,2
1808,赤壁戰,2
1809,豪邁,2
1810,螢幕,2
1811,爭戰,2
1812,還清,2
1813,卡債,2
1814,核子彈,2
1815,頓悟,2
1816,輪迴,5
1817,大人,6
1818,冷氣房,2
1819,作戰,2
1820,小孩,4
1821,石油田,2
1822,乾旱,2
1823,華爾街,2
1824,捲起,2
1825,飛彈,2
1826,捍衛,3
1827,晚餐,2
1828,字典,3
1829,一頁頁,2
1830,地球人,4
1831,堅持,5
1832,來說,4
1833,剛克,4
1834,妥協,6
1835,說謊,4
1836,原諒,12
1837,倔強,30
1838,握緊,8
1839,絕望,14
1840,緊張,3
1841,固執,4
1842,善良,3
1843,骯髒,2
1844,發光,4
1845,過往,3
1846,鳳凰,2
1847,逆風,2
1848,方向,3
1849,適合,3
1850,千萬,3
1851,啦啦,1
1852,不鹹,1
1853,開講,1
1854,採工,1
1855,擱破洞,3
1856,山崩,3
1857,不睬,3
1858,麥來,4
1859,無緣,5
1860,擱來,4
1861,屏東,1
1862,基隆,1
1863,拜託,1
1864,擱問,1
1865,目眶,1
1866,怎樣,34
1867,白目,1
1868,飯桶,1
1869,明知影,1
1870,危險,1
1871,擱學,1
1872,攏拆,1
1873,入腹,1
1874,脫下,4
1875,長日,2
1876,假面,2
1877,夢幻,2
1878,疆界,2
1879,南瓜,2
1880,馬車,2
1881,換上,2
1882,玻璃鞋,2
1883,孤傲,2
1884,薔薇,3
1885,品嚐,6
1886,紛亂,2
1887,吻盡,3
1888,荷花葉,3
1889,醉倒,3
1890,月光,4
1891,曬乾,3
1892,緊握,5
1893,抱緊,8
1894,隱藏,7
1895,疲倦,8
1896,表達,2
1897,狂野,2
1898,要求,4
1899,慰藉,2
1900,潮水,2
1901,呣知,1
1902,欲安,1
1903,佇聽,1
1904,遮濟,1
1905,擋定,1
1906,遮愛,1
1907,遮大,1
1908,行到,1
1909,拄煞,1
1910,參考,2
1911,教育部,1
1912,台灣,1
1913,閩南語,1
1914,孫悟空,1
1915,金箍棒,2
1916,精神,2
1917,解脫,8
1918,玩偶,2
1919,捉弄,1
1920,無比,2
1921,對著,2
1922,笑嘻嘻,1
1923,笑哈哈,1
1924,介紹,3
1925,BASS,1
1926,帶回家,1
1927,鼓手,1
1928,冠佑,2
1929,或許,7
1930,天氣,1
1931,HIGH,1
1932,哈嘍,1
1933,去年,1
1934,天空之城,1
1935,除了,4
1936,之外,1
1937,4萬,2
1938,親朋好友,1
1939,團長,1
1940,Final,3
1941,Home,3
1942,製作人,1
1943,新年,2
1944,明年,1
1945,大後年,1
1946,團圓,1
1947,放肆,33
1948,揮霍,7
1949,站上,2
1950,巔峰,3
1951,午後,2
1952,永久,5
1953,牢籠,1
1954,咬緊,1
1955,牙關,1
1956,丟下,2
1957,承諾,2
1958,承受,5
1959,痛哭,2
1960,咬緊牙關,2
1961,漂流,3
1962,歌手,5
1963,最愛,6
1964,火鍋,1
1965,靠在,1
1966,城市,4
1967,霸佔,1
1968,街頭,4
1969,經過,13
1970,匆匆,4
1971,放過,2
1972,純真,6
1973,吹過,2
1974,一轉眼,8
1975,人世間,6
1976,誘惑,1
1977,嚥下,2
1978,苦果,2
1979,開口,3
1980,有些,6
1981,鑽洞,2
1982,灰塵,6
1983,一般,4
1984,冰凍,2
1985,倒流,2
1986,卯起來,2
1987,遙遠,16
1988,天長,2
1989,地久,2
1990,搶走,2
1991,不多,2
1992,不少,3
1993,剛好,4
1994,00,2
1995,0762,1
1996,有一點,4
1997,時常,1
1998,歡樂,1
1999,逃開,1
2000,何必,5
2001,關懷,1
2002,色彩,4
2003,公海,2
2004,領域,2
2005,郵輪,2
2006,隔桌,2
2007,對立,2
2008,煙霧,3
2009,瀰漫,4
2010,殺機,2
2011,家門,2
2012,一九三七,2
2013,老人,4
2014,淋雨,2
2015,滾回,2
2016,底牌,3
2017,傳奇,3
2018,爛泥,6
2019,好勝,3
2020,自尊,4
2021,冷靜,5
2022,沉住,5
2023,幸運,8
2024,燒餅,2
2025,一路,10
2026,癡迷,2
2027,吉普賽式,2
2028,尋覓,3
2029,風景,15
2030,風衣,2
2031,繁華,2
2032,背面,3
2033,黑街,2
2034,對手戲,2
2035,上帝,5
2036,抵擋,2
2037,貪慾,2
2038,亂世,4
2039,浮生,2
2040,評語,1
2041,輕蔑,1
2042,說盡,1
2043,神氣,1
2044,吹過來,1
2045,吹起,1
2046,衣領,1
2047,吹走,1
2048,悲觀,1
2049,相遇,8
2050,分離,3
2051,交給,1
2052,失控,1
2053,馬戲,1
2054,小丑,1
2055,大象,1
2056,猴子,1
2057,跑進,1
2058,變換,1
2059,道具,1
2060,緊抓,2
2061,飛機,1
2062,漂浮,2
2063,七十,1
2064,唇語,1
2065,決心,2
2066,漂浮吧,1
2067,口白,3
2068,走過來,1
2069,許許多多,1
2070,鷹架,1
2071,中心,2
2072,不了,1
2073,醫生,2
2074,剛剛,1
2075,關上,1
2076,整個,2
2077,病房,1
2078,party,13
2079,走進來,1
2080,天使,43
2081,放光,1
2082,各位,1
2083,色狼,1
2084,護士,2
2085,健康,3
2086,治療,1
2087,預防,2
2088,自從,2
2089,堅強,4
2090,逛逛,1
2091,病入膏肓,1
2092,多情,1
2093,隊伍,1
2094,排到,1
2095,驚魂,2
2096,發生,9
2097,原來,9
2098,世上,2
2099,聖誕老人,2
2100,氣氛,2
2101,說起,1
2102,雪人,1
2103,製造,3
2104,浪漫,7
2105,誠懇,2
2106,傻笑,1
2107,出神,1
2108,說完,1
2109,悶悶悶悶,1
2110,悶悶悶,1
2111,解救,1
2112,平淡,1
2113,千軍萬馬,1
2114,奶昔,1
2115,剩下,6
2116,焦點,3
2117,特別,4
2118,體貼,1
2119,穿鞋,1
2120,穿越,5
2121,耳語,2
2122,流言,1
2123,一瞬間,12
2124,birth,3
2125,day,3
2126,吃苦,1
2127,告別,10
2128,遇見,1
2129,風箏,6
2130,纏綿,2
2131,詩人,10
2132,兜圈,1
2133,描寫,4
2134,環遊,7
2135,空中小姐,1
2136,灌溉,1
2137,荒野,1
2138,開滿,1
2139,休息,1
2140,闔眼,1
2141,甚至,5
2142,學會,9
2143,人間,14
2144,無常,5
2145,寶藏,4
2146,怎麼樣,8
2147,依賴,36
2148,肩膀,9
2149,臉龐,14
2150,月亮,9
2151,海豚,7
2152,最初,8
2153,lalalalalalala,1
2154,鬼片,2
2155,無時無刻,4
2156,無怨無悔,3
2157,無憂,2
2158,無慮,1
2159,口令,1
2160,動作,1
2161,絕不,1
2162,拖延,1
2163,皺眉,1
2164,黑線,1
2165,高度,1
2166,警戒,1
2167,撒野,2
2168,寵上,3
2169,搬到,4
2170,堡壘,1
2171,哲學,3
2172,之間,1
2173,熱血,3
2174,乾杯,1
2175,無窮,1
2176,無盡,16
2177,萬萬,1
2178,蹂躪,1
2179,虐待,1
2180,隨便,3
2181,羨慕,1
2182,傻眼,1
2183,部份,1
2184,旋律,6
2185,貝多芬,2
2186,第九,1
2187,交響曲,1
2188,快樂頌,1
2189,woo,6
2190,cool,4
2191,爆發,2
2192,無限,8
2193,無價,6
2194,偉大,5
2195,十八世紀,1
2196,怪咖,1
2197,稱霸,1
2198,go,7
2199,埋葬,5
2200,地心引力,2
2201,抓狂,23
2202,大氣,3
2203,缺氧,3
2204,弄髒,3
2205,火藥,6
2206,血管,3
2207,岩漿,3
2208,不然,6
2209,明講,6
2210,憤怒,2
2211,沸騰,4
2212,膽量,1
2213,動盪,2
2214,生死,2
2215,若無其事,3
2216,紛紛擾擾,3
2217,喧喧鬧鬧,3
2218,跌跌撞撞,6
2219,傻傻,3
2220,笑笑,3
2221,果汁,3
2222,庸庸碌碌,3
2223,匆匆忙忙,3
2224,輩子,3
2225,分分,7
2226,秒秒,8
2227,年年,10
2228,日日,3
2229,全心,5
2230,腳步聲,2
2231,一百,1
2232,震動,5
2233,長征,1
2234,佔領,1
2235,邊城,1
2236,星辰,1
2237,犧牲,2
2238,動人,1
2239,永恆,11
2240,悔恨,8
2241,無名,2
2242,煙塵,1
2243,尾聲,1
2244,天分,2
2245,分寸,1
2246,奮不顧身,5
2247,女聲,1
2248,紀曉君,1
2249,橫越,3
2250,南美洲,2
2251,一萬兩千里,2
2252,貧窮,5
2253,狂妄,7
2254,衝動,6
2255,無垠,2
2256,無數,10
2257,佃農,2
2258,左輪,3
2259,瞄準,3
2260,傳說,13
2261,消滅,5
2262,印地斯,2
2263,失業,2
2264,斑鳩,2
2265,露宿,2
2266,皇宮,2
2267,日記,2
2268,寫滿,2
2269,背誦,2
2270,呼喊,2
2271,宿命,4
2272,夢不,2
2273,瘋不,1
2274,丟掉,14
2275,手錶,4
2276,外套,4
2277,背包,3
2278,嘮叨,1
2279,電視,3
2280,電腦,3
2281,大腦,6
2282,唱反調,2
2283,得多,4
2284,甩掉,24
2285,撲通,4
2286,狂跳,10
2287,委屈,7
2288,野心,3
2289,膽子,2
2290,come,6
2291,on,4
2292,JUMP,1
2293,十字軍,1
2294,東方,1
2295,凱旋,1
2296,詩篇,9
2297,霸權,1
2298,臣服,1
2299,徹底,3
2300,壯烈,2
2301,虔誠,1
2302,細細,1
2303,提煉,1
2304,耳背,1
2305,感性,1
2306,理智,1
2307,香水,1
2308,崇拜,2
2309,迷戀,2
2310,沉醉,2
2311,香香,1
2312,狂顛,2
2313,奉獻,1
2314,獻上,6
2315,自我,7
2316,塞納河,1
2317,鬧市,1
2318,炊煙,1
2319,混雜,1
2320,愚昧,4
2321,改寫,2
2322,轉變,1
2323,聖潔,1
2324,野蠻,1
2325,牛奶,1
2326,語言,4
2327,尤其,2
2328,迷迭,1
2329,無心,1
2330,拒絕,2
2331,馬蹄,1
2332,踏平,1
2333,國界,1
2334,磨破,1
2335,披肩,2
2336,動員,1
2337,麻瓜,1
2338,魔戒,1
2339,尋找,2
2340,拼湊,1
2341,櫻桃,1
2342,櫻花,1
2343,茉莉,1
2344,拼貼,1
2345,香頌,1
2346,香榭,1
2347,調配,1
2348,答應,2
2349,全身,3
2350,活到,1
2351,脫軌,2
2352,脫線,1
2353,一千世紀,2
2354,無間,1
2355,阿姆斯壯,3
2356,安全,2
2357,傢伙,1
2358,突破,2
2359,忍受,7
2360,柔道,1
2361,插花,1
2362,街舞,1
2363,調酒,1
2364,肌肉,1
2365,加強,1
2366,發瘋,1
2367,嘆氣,1
2368,刮風,1
2369,白手套,1
2370,短褲,1
2371,大大,1
2372,隨時,6
2373,打招呼,1
2374,傾訴,2
2375,城堡,2
2376,迷路,1
2377,崩潰,1
2378,老鼠,1
2379,草莓族,1
2380,榴槤族,1
2381,傷人,3
2382,頑固,6
2383,還要,5
2384,摩天輪,1
2385,停住,1
2386,咖啡杯,1
2387,練習,4
2388,麻木,3
2389,看看,1
2390,偶像,1
2391,那樣,5
2392,面前,2
2393,笨拙,2
2394,內傷,6
2395,豁出去,3
2396,秒鐘,4
2397,噢噢,15
2398,有關,1
2399,形容,1
2400,噢噢噢,4
2401,那裡,2
2402,擔心,2
2403,道路,3
2404,可惜,2
2405,放不下,2
2406,一下,10
2407,難過,1
2408,黃金甲,1
2409,穿著,2
2410,暖和,1
2411,交流,1
2412,溝通,1
2413,有錢,1
2414,一點點,3
2415,對味,11
2416,方便麵,1
2417,熱水,1
2418,友情,3
2419,馬上,2
2420,麻辣,2
2421,笑話,1
2422,紅燒,1
2423,NaNa,1
2424,NaNaNaNa,1
2425,NaNaNaNaNa,1
2426,閃神,1
2427,好玩,1
2428,果然,1
2429,虎難下,1
2430,Rap,3
2431,神話,5
2432,秒殺,5
2433,One,3
2434,Two,3
2435,Three,3
2436,Four,3
2437,沙拉,1
2438,配上,1
2439,臉頰,1
2440,逃不了,1
2441,天涯,4
2442,木馬,1
2443,羅浮宮,2
2444,名畫,2
2445,放下,2
2446,狠話,2
2447,俗辣,3
2448,晨光,1
2449,飄散,1
2450,風乾,2
2451,退化成,1
2452,淚痕,1
2453,勾勒,1
2454,誇飾,1
2455,傷感,1
2456,逝水,1
2457,比喻,1
2458,荏苒,1
2459,狂歡,6
2460,狂亂,1
2461,然而,4
2462,彼岸,1
2463,自傳,4
2464,如同,2
2465,讀來,1
2466,解釋,1
2467,蔚藍,1
2468,浮雲,1
2469,定義,2
2470,潔白,1
2471,落花,1
2472,鋪陳,1
2473,紅色,1
2474,地毯,1
2475,迎接,1
2476,pub,1
2477,昇華,1
2478,比較,1
2479,從容,1
2480,狠心,4
2481,力道,1
2482,虛弱,1
2483,請求,1
2484,承認,1
2485,否認,1
2486,同情,1
2487,腐爛,2
2488,證明,2
2489,更加,2
2490,要夠,1
2491,出眾,1
2492,一錯再錯,1
2493,錯完,1
2494,從頭,2
2495,放棄掉,1
2496,曬太陽,1
2497,吹風,3
2498,難忘,4
2499,茶香,1
2500,嚮往,1
2501,他方,2
2502,彷徨,1
2503,挖開,1
2504,土壤,2
2505,種下,1
2506,盼望,9
2507,念念不忘,2
2508,農忙,1
2509,歌唱,1
2510,照亮,2
2511,旋轉,8
2512,出走,1
2513,忙著,3
2514,押韻,2
2515,東西,1
2516,價錢,1
2517,怒吼,1
2518,人群,4
2519,靜靜,4
2520,甘心,1
2521,灰色,1
2522,懦弱,2
2523,瞪大,1
2524,不見,4
2525,相約,1
2526,臂彎,1
2527,不見不,2
2528,明知道,1
2529,港灣,1
2530,期盼,4
2531,枝蔓,1
2532,攀附,1
2533,貪婪,1
2534,切切,4
2535,心滾滾,2
2536,滾滾,2
2537,等到,9
2538,夜沉沉,1
2539,沉沉,1
2540,不肯,5
2541,濃烈,1
2542,轉淡,1
2543,天狠狠,1
2544,狠狠,1
2545,撕裂,2
2546,地磚,1
2547,造反,1
2548,蛻變成,1
2549,世故,1
2550,漢神,1
2551,巨蛋,1
2552,廣告,1
2553,買尬,14
2554,哭到,2
2555,海灘,1
2556,混到,1
2557,計畫,3
2558,夢話,1
2559,廢話,3
2560,喝到,3
2561,流淚,7
2562,巴黎,1
2563,鐵塔,2
2564,東京,1
2565,蛋塔,1
2566,金字塔,1
2567,積沙成塔,1
2568,無邪,2
2569,無私,1
2570,無暇,1
2571,奢華,1
2572,加上,1
2573,pm,1
2574,班次,1
2575,歸來,1
2576,遠走,2
2577,刺眼,1
2578,金色,5
2579,大街,3
2580,不忍,1
2581,百毒,1
2582,搖搖欲墜,1
2583,無路,1
2584,乾脆,2
2585,柏油路,1
2586,傍晚,1
2587,涼快,1
2588,回憶起來,1
2589,告白,1
2590,愛裝,1
2591,自在,2
2592,暢快,3
2593,腳踝,3
2594,真實感,3
2595,飛起來,3
2596,騰空,3
2597,魔幻,3
2598,搞笑,4
2599,說來,1
2600,不應該,1
2601,見到,1
2602,轉彎,11
2603,Firstday,11
2604,Today,2
2605,Everyday,2
2606,刷牙,4
2607,照著,4
2608,馬桶,2
2609,泡沫,4
2610,昨夜,2
2611,鏡子,6
2612,陌生人,2
2613,上課,2
2614,卡鐘,2
2615,單行道,2
2616,流失,2
2617,車陣,2
2618,進行曲,2
2619,規律,2
2620,平庸,2
2621,標語,2
2622,服從,2
2623,以前,2
2624,主見,2
2625,傷風,2
2626,耽誤,3
2627,日昇,4
2628,日落,8
2629,月圓,8
2630,年復一年,8
2631,患得患失,8
2632,喝水,8
2633,白雲,3
2634,匱乏,2
2635,石油,4
2636,地殼,2
2637,震落,2
2638,反面,2
2639,死去,3
2640,這般,2
2641,正在,3
2642,飛奔,4
2643,還不如,4
2644,昆蟲,2
2645,破繭展翅,2
2646,奪走,2
2647,三百六十,2
2648,五十二萬,2
2649,五千多,2
2650,三十四億,2
2651,五千六百,2
2652,七十八萬,2
2653,九千,2
2654,下脈,2
2655,出生,10
2656,獨一無二,3
2657,設定,2
2658,六點半,2
2659,鬧鐘,2
2660,春天,8
2661,出頭天,6
2662,沒志氣,3
2663,血乾,1
2664,結痂,1
2665,不失志,1
2666,得起,1
2667,成績單,1
2668,火腿蛋,1
2669,排骨,1
2670,雞腿飯,1
2671,扭轉,2
2672,意外,2
2673,冷淡,2
2674,吉普賽,2
2675,擋住,2
2676,拜拜,2
2677,方向盤,2
2678,指向,2
2679,除非,2
2680,沙灘,5
2681,壓力,3
2682,喊到,6
2683,宣戰,4
2684,模範,1
2685,乖乖牌,1
2686,搖擺,2
2687,腿軟,1
2688,打敗,1
2689,衝上,1
2690,變藍,1
2691,炸開,1
2692,羚羊,1
2693,草枝,1
2694,大自然,1
2695,來不及,3
2696,淚乾,1
2697,防曬,1
2698,痛快,3
2699,下山,1
2700,精華,2
2701,時段,1
2702,正經,1
2703,談戀愛,2
2704,進度,1
2705,糜爛,1
2706,夜店,2
2707,狂熱,3
2708,打怪,2
2709,打牌,2
2710,貪吃,2
2711,貪玩,4
2712,傷肺,2
2713,哭成,2
2714,好駭,2
2715,早餐,1
2716,辛苦,2
2717,辛酸,1
2718,溺愛,1
2719,學壞,1
2720,悔改,1
2721,壓韻,1
2722,鏡頭,1
2723,刀槍,1
2724,真相,5
2725,棄守,1
2726,邊疆,1
2727,片廠,1
2728,爬上,2
2729,殿堂,1
2730,成果,1
2731,規則,7
2732,成長,2
2733,轟轟烈烈,1
2734,排行,1
2735,沸沸揚揚,1
2736,頒獎,1
2737,人心,1
2738,市場,2
2739,回想,1
2740,稀薄,1
2741,鋼索,1
2742,剛強,1
2743,偽裝,1
2744,一線之隔,1
2745,曙光,1
2746,天亮,4
2747,交響,4
2748,合唱,3
2749,尚未,3
2750,崩壞,3
2751,銷售量,1
2752,記者,1
2753,點擊量,1
2754,天后,1
2755,天王,1
2756,小兵,1
2757,老將,1
2758,曲終人散,1
2759,蒼涼,1
2760,灼熱,1
2761,閃光,1
2762,所謂,1
2763,透明,5
2764,折射,1
2765,一模一樣,1
2766,寧願,4
2767,重傷,2
2768,徽章,2
2769,不忘,5
2770,鼓掌,1
2771,起來,23
2772,得見,2
2773,末日,13
2774,來臨,5
2775,退潮,1
2776,腳印,2
2777,燈火,1
2778,通明,1
2779,微風,3
2780,吹動,1
2781,風帆,1
2782,前方,1
2783,燈塔,1
2784,拉回,1
2785,地面,1
2786,夜晚,1
2787,上邊,1
2788,抗拒,1
2789,味道,1
2790,分割,1
2791,忽然間,1
2792,起飛,1
2793,撫摸,1
2794,看得見,2
2795,用心,1
2796,對齊,1
2797,腳步,1
2798,過份,1
2799,鼓起,1
2800,噗通噗通,1
2801,丟嘮叨,2
2802,噗通,14
2803,jump,1
2804,onjumpjumpjumpjump,2
2805,顏色,4
2806,心動,4
2807,拳心,2
2808,密密麻麻,2
2809,淺淺,2
2810,保護色,6
2811,鎖上,2
2812,合群,2
2813,選擇,5
2814,飄飄盪盪,2
2815,從不肯,4
2816,癒合,6
2817,左側,4
2818,銀河,6
2819,值得,5
2820,懲罰,2
2821,一夏天,3
2822,吹來,5
2823,身影,5
2824,人海,8
2825,山丘,2
2826,知足,4
2827,心痛,9
2828,信仰,12
2829,險惡,1
2830,綻放,5
2831,欣賞,2
2832,牛頓,1
2833,偏偏,1
2834,掙脫,2
2835,綑綁,1
2836,柏林,1
2837,巨人,1
2838,逆向,1
2839,大鬧,3
2840,哥倫布,1
2841,星光,2
2842,膽敢,1
2843,大西洋,1
2844,死黨,1
2845,達爾文,1
2846,假設,1
2847,基因,1
2848,手掌,1
2849,鼓聲,1
2850,肺活量,1
2851,逆光,1
2852,剪影,1
2853,細節,1
2854,猜想,1
2855,用掉,1
2856,牙膏,1
2857,穿走,1
2858,大方,1
2859,洗澡,1
2860,外表,1
2861,搬進,2
2862,綁住,2
2863,手腳,2
2864,DNA,2
2865,反調,2
2866,自編,2
2867,自導,2
2868,甩跳,1
2869,要不要,3
2870,決定好,3
2871,搶回,3
2872,有夠,1
2873,衰小,1
2874,嘴砲,1
2875,通緝,1
2876,逃跑,1
2877,罪名,1
2878,綁架,1
2879,跳躍,1
2880,奔跑,1
2881,飢渴,3
2882,味蕾,2
2883,腳尖,2
2884,無止盡,3
2885,和諧,7
2886,復活,2
2887,搖滾樂,2
2888,顛峰,2
2889,瘋顛,1
2890,打碎,2
2891,性別,2
2892,張開,8
2893,OAOA,16
2894,後退,8
2895,OAOAOA,3
2896,純粹,5
2897,華麗,6
2898,爭辯,5
2899,Twinkle,2
2900,How,1
2901,wonder,1
2902,what,1
2903,are,1
2904,Up,1
2905,above,1
2906,the,6
2907,world,5
2908,Like,1
2909,diamond,1
2910,sky,1
2911,毛毛,1
2912,躁躁,1
2913,冒冒,1
2914,失失,1
2915,亂糟糟,1
2916,省事,1
2917,今晚,3
2918,康熙,1
2919,音效,1
2920,慘變,1
2921,好笑,1
2922,歪腰,9
2923,通告,1
2924,出其不意,1
2925,滑倒,1
2926,交織,2
2927,哄堂,1
2928,大笑,1
2929,壞掉,5
2930,歪腰歪腰,7
2931,偶爾,7
2932,好好笑,3
2933,鬼吼鬼,3
2934,頂多,4
2935,無理取笑,1
2936,無論如何,2
2937,志向,1
2938,下腰,1
2939,連續劇,1
2940,預告,1
2941,排山倒海,2
2942,瓊瑤,1
2943,感人,1
2944,炸掉,1
2945,劇情,2
2946,苦命,1
2947,荒謬,1
2948,好萊塢,1
2949,主角,1
2950,等級,1
2951,鐵達尼克號,1
2952,浪漫浪,1
2953,炫耀,2
2954,第二,9
2955,版本,1
2956,明日版,2
2957,末日版,2
2958,Now,1
2959,Here,1
2960,收入,1
2961,其他,3
2962,歌名,1
2963,相同,3
2964,OA,58
2965,Midi,3
2966,program,3
2967,阿璞,4
2968,八三,4
2969,絃樂,3
2970,編寫,1
2971,李琪,3
2972,北京,2
2973,室內,2
2974,樂團,2
2975,和聲,1
2976,演唱,1
2977,士傑,1
2978,可樂,3
2979,Cola,3
2980,Kai,3
2981,魚蛋,2
2982,咖哩,1
2983,學長,5
2984,馬子,1
2985,才華,1
2986,和弦,14
2987,指法,1
2988,成彈,1
2989,121,8
2990,3121,7
2991,從小,2
2992,提議,1
2993,而已,1
2994,尚翊,1
2995,二一,1
2996,惡女,1
2997,善意,1
2998,惡意,1
2999,噁心傷,1
3000,和氣,1
3001,體力,1
3002,耐力,1
3003,擅自,1
3004,兒戲,1
3005,鐘聲,2
3006,推開,2
3007,抱枕,2
3008,咖啡粉,2
3009,新聞,2
3010,起死回生,2
3011,隕石,2
3012,傾盆,3
3013,長滿,2
3014,旅程,8
3015,萬分,5
3016,荒廢,5
3017,用盡,8
3018,碎骨,1
3019,粉身,1
3020,圍城,1
3021,心門,1
3022,確認,1
3023,啟程,2
3024,後餘生,2
3025,絕處逢生,2
3026,誕生,5
3027,來生,3
3028,此時,3
3029,不虛此生,2
3030,鍵盤,1
3031,周恒毅,1
3032,叫做,4
3033,偷走,2
3034,不變,3
3035,獵戶,1
3036,天狼,1
3037,織女,1
3038,偷偷,3
3039,隕落,1
3040,線索,3
3041,聯絡,1
3042,無言,1
3043,無語,1
3044,淚流,1
3045,伸手,2
3046,細數,2
3047,繁星,1
3048,閃爍,1
3049,奔波,3
3050,所得,1
3051,彷彿,3
3052,觸摸,1
3053,僅有,1
3054,啦啦啦啦啦啦,1
3055,瘋癲,3
3056,洗衣機,8
3057,退色,1
3058,塑料,1
3059,壓克力,1
3060,獨坐,2
3061,陽台,2
3062,曬風,1
3063,電視機,1
3064,目光,2
3065,黑色,1
3066,簡約,1
3067,外型,2
3068,客廳,1
3069,吹風機,1
3070,流線,1
3071,親密,1
3072,電唱機,1
3073,晉升為,1
3074,古董級,1
3075,典雅,1
3076,中音,1
3077,木訥,2
3078,主題曲,1
3079,風霜,1
3080,接近,1
3081,怨言,2
3082,脫水,1
3083,全力,4
3084,上了年紀,2
3085,盡力,2
3086,咖啡機,1
3087,歐洲,1
3088,進口,1
3089,書卷,1
3090,貴族,1
3091,以來,2
3092,度量,1
3093,心機,1
3094,關心,3
3095,退役,1
3096,光碟機,1
3097,經歷,1
3098,冰箱,1
3099,肚子,1
3100,冰淇淋,1
3101,撫慰,1
3102,失戀,2
3103,從學,1
3104,討喜,1
3105,一世紀,1
3106,電器,1
3107,屋簷,1
3108,運行,2
3109,幫忙,1
3110,衣服,2
3111,放進,1
3112,清洗,1
3113,污泥,1
3114,好久,1
3115,皺紋,4
3116,償還,1
3117,借據,1
3118,背影,1
3119,釋懷,3
3120,鋼琴,1
3121,鐵琴,1
3122,演奏曲,1
3123,延後,2
3124,後路,2
3125,逃脫,2
3126,備案,2
3127,逃生,2
3128,時侯,2
3129,西元,2
3130,火光,3
3131,歡送,2
3132,文明,4
3133,變星塵,2
3134,珍重,5
3135,真是,5
3136,過後,5
3137,高樓,3
3138,燃盡,2
3139,富有,2
3140,寄生,2
3141,地表,2
3142,落葉劑,2
3143,落葉,2
3144,輻射塵,2
3145,清晨,2
3146,殘喘,3
3147,創作,2
3148,沒收,2
3149,愉快,2
3150,偷竊,2
3151,自找,2
3152,墜入,2
3153,自甘墮落,2
3154,倖存,6
3155,平行,3
3156,預言,2
3157,電台,1
3158,最終,5
3159,播送,1
3160,浩瀚,1
3161,鄉愁,1
3162,雲朵,1
3163,彈頭,1
3164,落在,1
3165,闖關,1
3166,闖禍,1
3167,誠實,2
3168,電鋼琴,1
3169,LOOP,1
3170,Program,1
3171,破壞,1
3172,痛恨,1
3173,狂放,2
3174,光年,2
3175,放空,2
3176,定律,1
3177,秩序,1
3178,滿懷,4
3179,極度,4
3180,疲憊,4
3181,入睡,4
3182,深陷,4
3183,蝙蝠,2
3184,困在,2
3185,日復一日,1
3186,狩獵,1
3187,天譴,2
3188,夜色,2
3189,風險,1
3190,制約,1
3191,遺棄,1
3192,黯淡,1
3193,繁衍,1
3194,一一,2
3195,凋謝,1
3196,揮舞,3
3197,純潔,3
3198,魔鬼,3
3199,果決,3
3200,貪嗔,3
3201,痴傻,3
3202,調味,1
3203,催眠,1
3204,酒杯,1
3205,喝下,1
3206,聖水,1
3207,餘生,2
3208,受虐,1
3209,枯萎,1
3210,高舉,1
3211,粉碎,1
3212,唏噓,1
3213,重頭,1
3214,明知,2
3215,代替,3
3216,出聲,1
3217,保存,1
3218,毛衣,1
3219,準備,4
3220,安慰,1
3221,浮沉,2
3222,時分,2
3223,殘忍,2
3224,遺跡,1
3225,空城,1
3226,遺落,1
3227,杯子,1
3228,手套,1
3229,笑聲,1
3230,豐盛,1
3231,滿足,1
3232,奢求,1
3233,featflumpool,1
3234,映画,1
3235,主題,1
3236,顏隱,1
3237,君優触,1
3238,雪溶,1
3239,君願,2
3240,淚枯,1
3241,踏出,1
3242,明日,6
3243,呑込,1
3244,真白夢広,1
3245,積思,1
3246,胸秘,1
3247,君眼,1
3248,溫掌,1
3249,曇空咲花,1
3250,夢見,1
3251,何信,1
3252,背負,2
3253,君歌,1
3254,懐面,1
3255,影抱,1
3256,君頑,1
3257,折花咲,1
3258,凡人,3
3259,Belief给,1
3260,do,13
3261,re,13
3262,ho,2
3263,mi,16
3264,da,7
3265,笑顔,3
3266,ki,15
3267,su,2
3268,ta,13
3269,sa,9
3270,ge,3
3271,te,21
3272,ya,1
3273,shi,15
3274,fu,4
3275,ma,8
3276,yu,16
3277,ke,2
3278,zu,3
3279,ra,7
3280,ha,4
3281,ru,9
3282,wo,9
3283,ri,4
3284,故郷,2
3285,yo,11
3286,ji,5
3287,里切,1
3288,tte,3
3289,gi,2
3290,ko,4
3291,de,25
3292,sshi,1
3293,ro,3
3294,mu,2
3295,za,1
3296,se,2
3297,tai,1
3298,gan,1
3299,ba,1
3300,bi,2
3301,年輪,1
3302,暫停,1
3303,停不了,2
3304,說明,1
3305,孫子,1
3306,孫女,1
3307,瞳孔,2
3308,光輝,7
3309,小說,2
3310,枯燥,2
3311,雋永,2
3312,裝懂,2
3313,懂得,2
3314,緊貼,2
3315,輪廓,2
3316,有所,1
3317,渺小,2
3318,困住,3
3319,Everybody,3
3320,say,1
3321,慢歌,3
3322,日文版,1
3323,時来,1
3324,風告,1
3325,上空,1
3326,鉛色,1
3327,白声,1
3328,諦顔,1
3329,ah,1
3330,胸奥,1
3331,真当,2
3332,Dancin,16
3333,Watch,2
3334,Your,2
3335,Step,2
3336,邪道,2
3337,今僕嵐,1
3338,Fireball,3
3339,供達,1
3340,達疑,1
3341,許合愛,1
3342,合抱合,1
3343,No,2
3344,騙騙,1
3345,闇変,1
3346,君君,1
3347,永久信,1
3348,何語,1
3349,砂漠,1
3350,宝石,1
3351,僕嵐,1
3352,世界果,1
3353,聽得,1
3354,心如刀割,1
3355,虧欠,2
3356,動次,24
3357,分分合合,1
3358,拉拉扯扯,1
3359,曲曲折折,1
3360,景色,1
3361,憤青,1
3362,光棍,1
3363,悲劇,1
3364,圓滿,1
3365,爭執,1
3366,和平鴿,1
3367,不得不,1
3368,貫徹,2
3369,個子,1
3370,傻瓜,21
3371,上學,1
3372,可不可以,1
3373,同學,1
3374,書本,1
3375,手帕,1
3376,沒想到,1
3377,年華,1
3378,脫隊,1
3379,玩耍,1
3380,畫畫,1
3381,不能夠,1
3382,文法,2
3383,書法,1
3384,加法,1
3385,減法,1
3386,追殺,2
3387,老花,3
3388,登場,3
3389,寒假,1
3390,暑假,1
3391,籃球,1
3392,漫畫,1
3393,缺席,2
3394,鳳凰花,1
3395,贏家,1
3396,輸家,1
3397,公式,1
3398,殘缺,3
3399,句型,1
3400,說出,2
3401,十九,1
3402,證書,1
3403,第三,2
3404,音量,2
3405,加大,1
3406,Monster,1
3407,抵抗,1
3408,戰亂,1
3409,饑荒,1
3410,蘭陵,1
3411,撩亂,1
3412,無畏,1
3413,孤塚,1
3414,蒼生殤,1
3415,沙場,3
3416,淚未乾,3
3417,滾燙,4
3418,陣曲,4
3419,無悔,4
3420,莽撞,1
3421,篇章,1
3422,丹青千秋,1
3423,愁腸,1
3424,壯志狂,1
3425,忘不記,1
3426,原不諒,1
3427,憤恨,1
3428,無疆,1
3429,肅不清,1
3430,不盡,1
3431,魑魅,1
3432,魍魎,1
3433,分贓,1
3434,豢養,1
3435,四面楚歌,1
3436,獨唱,1
3437,白晝,1
3438,隱沒,1
3439,葬身,1
3440,歷史,2
3441,洪荒,1
3442,世人,1
3443,入陣,1
3444,大多,1
3445,片刻,2
3446,心碎,1
3447,多合群,1
3448,盤底,1
3449,洋蔥,2
3450,調味品,1
3451,剝開,2
3452,訝異,1
3453,壓抑,1
3454,鼻酸,1
3455,全心全意,1
3456,曖昧,1
3457,風趣,1
3458,配角戲,1
3459,專屬,1
3460,空無一人,1
3461,闖入,1
3462,婚紗店,1
3463,披上,1
3464,雪白,1
3465,灰飛煙,1
3466,矗立,1
3467,殘破,1
3468,台階,1
3469,中間,3
3470,相識,4
3471,擦肩,1
3472,一步步,9
3473,海角,2
3474,當時,15
3475,格林威治,1
3476,歸零,1
3477,超載,1
3478,路線,1
3479,對照,1
3480,旅店,1
3481,喚醒,1
3482,淚腺,1
3483,廣場,2
3484,跨年,1
3485,頤和,1
3486,藍天,2
3487,浮萍,1
3488,卑微,3
3489,蒼穹,1
3490,山嶽,1
3491,崎嶇,1
3492,眷戀,3
3493,房間,5
3494,周旋,1
3495,情節,1
3496,完成,2
3497,家家,1
3498,鮮豔,1
3499,飛越,1
3500,簡訊,1
3501,留言,1
3502,萬分之一,1
3503,追悔,1
3504,星宿,1
3505,沉沒,1
3506,山岳,1
3507,抬頭,3
3508,寄託,1
3509,彎月,1
3510,糾結,2
3511,造字,3
3512,倉頡,3
3513,寫出,3
3514,逆轉,2
3515,天雨粟,2
3516,鬼夜,2
3517,漫太古,1
3518,太古,1
3519,活請,1
3520,PM,2
3521,琢磨,2
3522,刮去,2
3523,嘴角,2
3524,鬍青,2
3525,畫上,2
3526,淡紫色,2
3527,眼影,2
3528,粉色,2
3529,雙唇,2
3530,喃喃自語,2
3531,領帶,1
3532,蘇格蘭裙,1
3533,羽毛,2
3534,圍巾,1
3535,考慮,1
3536,搭配,1
3537,香精,1
3538,猜測,4
3539,飄移,2
3540,不定,2
3541,調整,2
3542,百分比,2
3543,難題,2
3544,心弦,1
3545,模仿,1
3546,對比,1
3547,參加,2
3548,唯恐不及,1
3549,當作,1
3550,異形,1
3551,如何,3
3552,確定,1
3553,樣貌,1
3554,雌雄,2
3555,同體,2
3556,蒼老,1
3557,緊閉,1
3558,圍繞,1
3559,洗掉,1
3560,機會,1
3561,萬物,1
3562,指揮,1
3563,圓缺,1
3564,樹梢,1
3565,樹葉,1
3566,裝扮,3
3567,冷落,1
3568,舉動,1
3569,提醒,1
3570,感受,2
3571,把握,1
3572,句點,4
3573,定居,1
3574,女孩,1
3575,舞鞋,1
3576,笑忘,1
3577,重頭活,1
3578,再次,1
3579,退回,3
3580,悠悠,3
3581,舉起,3
3582,選出,2
3583,代表,1
3584,畫面,1
3585,浮現,1
3586,畢業,1
3587,可歌可泣,1
3588,條件,1
3589,衝破,1
3590,考卷,1
3591,衝出,3
3592,汗水,3
3593,汽水,1
3594,操場,1
3595,說好,1
3596,諾亞方舟,1
3597,海面,1
3598,模糊,4
3599,視線,1
3600,單眼,1
3601,認命,1
3602,宿醉,1
3603,笑點,1
3604,成熟點,1
3605,成熟,1
3606,幻滅,1
3607,磨鍊,1
3608,有時候,1
3609,同學會,1
3610,光陰,1
3611,滄海桑田,1
3612,高飛,1
3613,力氣,1
3614,歲歲,2
3615,翻滾,2
3616,絞痛,2
3617,平息,2
3618,消息,3
3619,騙不過,1
3620,鋒利,2
3621,紀念品,1
3622,各自,7
3623,老去,1
3624,倘甲,3
3625,吃飽睏,1
3626,荒涼,1
3627,演化,1
3628,寒武紀,1
3629,脊椎,1
3630,踩出,1
3631,肩並肩,1
3632,笑看,1
3633,演講,1
3634,槓龜,1
3635,報名,1
3636,合唱團,2
3637,刷掉,1
3638,主唱,1
3639,詞人,1
3640,作曲,1
3641,作曲人,1
3642,不只,1
3643,慷慨,1
3644,寫出來,1
3645,唱起,1
3646,Feat,1
3647,歐開,1
3648,球賽,1
3649,熱淚盈眶,1
3650,七十億,1
3651,主宰,7
3652,Lights,4
3653,up,4
3654,飛踢,1
3655,飛踢到,1
3656,大氣層,1
3657,記不記得,2
3658,默契,1
3659,話題,2
3660,戴上,1
3661,沉入,1
3662,天敵,1
3663,珍藏,3
3664,雨季,1
3665,嘆息,3
3666,傷痛,2
3667,起點,8
3668,寫下,3
3669,原點,3
3670,流乾,3
3671,是非題,1
3672,相守,1
3673,相依,2
3674,深愛,3
3675,車票,1
3676,憧憬,2
3677,忘懷,1
3678,看淡,1
3679,走遠,1
3680,似乎,4
3681,痊癒,3
3682,心安,3
3683,肆虐,3
3684,某些,3
3685,慶幸,3
3686,沖淡,3
3687,繽紛,3
3688,它們,3
3689,細心,3
3690,後來,41
3691,並肩,6
3692,追尋,9
3693,共同,3
3694,曲折,3
3695,珍貴,3
3696,有失,3
3697,有得,2
3698,前進,3
3699,不捨,3
3700,割捨,3
3701,那裏,1
3702,身在,1
3703,神情,1
3704,消逝,1
3705,痕跡,1
3706,際遇,1
3707,讓步,1
3708,吞下,3
3709,拼回,3
3710,破碎,3
3711,囂張,1
3712,任性,1
3713,鼻青臉腫,1
3714,預知,1
3715,過癮,1
3716,收拾起,1
3717,叛逆,1
3718,表情,2
3719,卸下,1
3720,面具,1
3721,每當,1
3722,遲疑,1
3723,Lets,6
3724,all,6
3725,night,6
3726,lonely,6
3727,goodbye,3
3728,嚴肅,1
3729,派對,6
3730,動物,6
3731,退路,3
3732,飆速,1
3733,認輸,2
3734,慶祝,1
3735,And,3
3736,many,6
3737,good,3
3738,times,3
3739,寵物,2
3740,怪物,2
3741,入不敷出,1
3742,水電,1
3743,房租,1
3744,成績,1
3745,任務,2
3746,馴服,2
3747,兩億,1
3748,進化,5
3749,進步,1
3750,貓咪,1
3751,老虎,1
3752,麻雀,1
3753,大步,1
3754,難得,1
3755,糊塗,1
3756,演出,1
3757,哭聲,3
3758,打卡,1
3759,產房,1
3760,娃娃,1
3761,眾人,1
3762,一絲不掛,1
3763,成天,1
3764,會議,1
3765,成堆,1
3766,資料夾,1
3767,部門,4
3768,主管,1
3769,乖乖,1
3770,聽話,1
3771,專門,1
3772,改造,1
3773,唸書,1
3774,考試,1
3775,反抗,2
3776,使用,1
3777,使命,1
3778,有限,3
3779,規劃,1
3780,榮華,2
3781,飛黃騰達,2
3782,準備好,1
3783,必須,1
3784,出發,1
3785,有限公司,3
3786,請假,2
3787,挫折,1
3788,專業化,1
3789,最佳化,1
3790,最小化,1
3791,機率,2
3792,最大化,1
3793,負責,1
3794,財務,1
3795,打架,1
3796,第四,1
3797,愛成,1
3798,傻話,1
3799,活成,1
3800,公司,1
3801,組織,1
3802,擴大,1
3803,有時,1
3804,招架,1
3805,騎虎難下,1
3806,加班,1
3807,停下,1
3808,辦法,1
3809,平安,2
3810,出價,1
3811,嗚嗚,1
3812,哇哇,1
3813,嘻嘻哈哈,1
3814,茫茫,1
3815,甦醒,1
3816,曬傷,1
3817,脫皮,1
3818,雪景,1
3819,蒼狗,1
3820,驚奇,1
3821,偶然,1
3822,巧合,1
3823,舞動,1
3824,蝶翼,1
3825,心頭,3
3826,前仆而後,1
3827,荒漠,1
3828,菩提,1
3829,擦身,1
3830,猶如,1
3831,險棋,1
3832,時間線,1
3833,可能性,1
3834,未知,1
3835,未定,1
3836,詩句,2
3837,感激,1
3838,酒精,1
3839,搖搖晃晃,1
3840,泥濘,1
3841,爛仗,1
3842,唔噢噢噢,2
3843,留級,1
3844,傷癒,1
3845,強迫,1
3846,控制狂,1
3847,誇張,1
3848,兄弟,11
3849,別來無恙,2
3850,得獎,1
3851,走光,2
3852,正常,1
3853,惡行,1
3854,惡狀,1
3855,彼此,2
3856,孽緣,1
3857,業障,1
3858,狐群狗黨,1
3859,糗事,1
3860,排行榜,1
3861,營養,1
3862,聊到,1
3863,結帳,1
3864,當年,1
3865,老天荒,1
3866,在場,1
3867,貧瘠,2
3868,行星,1
3869,囚房,1
3870,開啟,1
3871,相親,1
3872,對象,1
3873,組成,1
3874,球隊,1
3875,奪下,1
3876,世界盃,1
3877,噢噢噢噢噢,2
3878,挑選,1
3879,三萬多,1
3880,打噴嚏,1
3881,飛煙,1
3882,好了,1
3883,圓點,1
3884,千億,1
3885,選好,1
3886,龐大,1
3887,恆久,1
3888,罣礙,1
3889,相對,1
3890,In,1
3891,許多,1
3892,學弟,3
3893,接棒,1
3894,右手,1
3895,學妹,3
3896,輕刷,1
3897,練好,1
3898,好棒棒,1
3899,副歌,1
3900,Do,6
3901,Mi,6
3902,So,6
3903,Si,3
3904,Re,3
3905,Am,2
3906,唱出,3
3907,單音,1
3908,關於,1
3909,跟上,2
3910,合唱會,1
3911,強過,1
3912,高級,1
3913,共鳴,1
3914,明亮,1
3915,瀏覽,1
3916,混濁,1
3917,皮囊,1
3918,那般,1
3919,花漾,1
3920,飛揚,1
3921,惶惶,1
3922,不安,1
3923,雙掌,1
3924,掌心,1
3925,曾光滑,1
3926,曾沁涼,1
3927,依偎,1
3928,健忘,1
3929,腦海,1
3930,唱片行,5
3931,博物館,1
3932,槍花,1
3933,高唱,1
3934,沙堡,1
3935,掏盡,1
3936,幻象,2
3937,存款,1
3938,樓房,1
3939,散場,1
3940,冷淚盈眶,1
3941,貼近,1
3942,笑憶,1
3943,蠢樣,1
3944,日常,3
3945,具象,1
3946,藥罐,1
3947,空房,1
3948,嬰兒,1
3949,走回,1
3950,光芒,1
3951,秘方,1
3952,永生,1
3953,死亡,1
3954,兒孫,1
3955,寫成,1
3956,撥慢,1
3957,轉角,1
3958,瘋掉,1
3959,找回,1
3960,失散,1
3961,雙胞,1
3962,眼角,1
3963,流逝,1
3964,逃出,1
3965,監牢,1
3966,喧囂,2
3967,包圍,2
3968,孤島,1
3969,窩在,1
3970,沙發,1
3971,一角,1
3972,睡著,1
3973,舞蹈,1
3974,那麼少,1
3975,童謠,1
3976,叮嚀,1
3977,照顧好,1
3978,終日,2
3979,不得,2
3980,既然,2
3981,雜念,2
3982,道義,2
3983,兩旁,2
3984,男子漢,2
3985,怒為,1
3986,紅顏,2
3987,林鳥,2
3988,飛燕,2
3989,蕭人生,1
3990,何其,2
3991,苦苦戀,2
3992,不見了,2
3993,夢寐以求,4
3994,容顏,4
3995,合問,1
3996,自問,1
3997,拼命,1
3998,配合,1
3999,主演,1
4000,笑臉,1
4001,時差,4
4002,重量,5
4003,退化,4
4004,回答,3
4005,心滿意足,1
4006,殺青,1
4007,劇本,1
4008,安定,1
4009,到來,1
4010,一波三折,1
4011,開拍,1
4012,認了,1
4013,意難平,1
4014,太平山,1
4015,意思,1
4016,回話,1
4017,初學,1
4018,聚光,1
4019,盆地,1
4020,排練室,1
4021,日夜,3
4022,爭論,1
4023,激盪,1
4024,吞噬,1
4025,成名,6
4026,在望,6
4027,或者,2
4028,混跡,1
4029,酒場,1
4030,駐唱,3
4031,讀懂,1
4032,尋常,1
4033,音樂節,1
4034,仰賴,1
4035,熬成,1
4036,澆灌,1
4037,乾涸,1
4038,倒地,1
4039,荒地,1
4040,渺茫,1
4041,糖霜,1
4042,昧俗,1
4043,批判,1
4044,傳唱,1
4045,應許,1
4046,衝撞,1
4047,看過,1
4048,異鄉,1
4049,蒼茫,1
4050,何方,1
4051,旅館,1
4052,空港,1
4053,採訪,1
4054,攻防,1
4055,監獄,1
4056,While,1
4057,we,1
4058,were,1
4059,young,1
4060,曼陀羅花,1
4061,沿途,1
4062,光腳,1
4063,越過,1
4064,Were,1
4065,stupid,1
4066,but,1
4067,strong,1
4068,放學,1
4069,屋頂,1
4070,不快,1
4071,行天宮,4
4072,二樓,4
4073,前座,4
4074,排練,2
4075,唱片,4
4076,小店,2
4077,士林,2
4078,苗栗,2
4079,台北,6
4080,求學,2
4081,水手,2
4082,重考,2
4083,擠進,2
4084,信義路,2
4085,校園,2
4086,順眼,2
4087,南陽街,2
4088,任意門,2
4089,通向,2
4090,任意,13
4091,七號,2
4092,初次,2
4093,三月,2
4094,自強,2
4095,隧道,2
4096,椰林,2
4097,大道,2
4098,律師,2
4099,家業,2
4100,外灘,2
4101,躍出,2
4102,課本,2
4103,回民街,2
4104,尖沙咀,2
4105,男兒,3
4106,立志,2
4107,不論,2
4108,無名高,2
4109,鳥巢,2
4110,鋪滿,2
4111,柴米,2
4112,油鹽,2
4113,麥迪遜,2
4114,花園,2
4115,獸媽,2
4116,宵夜,2
4117,雞腿,2
4118,搖滾萬歲,1
4119,Rnhu,1
4120,tmen,2
4121,shu,1
4122,xn,2
4123,sh,7
4124,qunyle,1
4125,kish,1
4126,grn,1
4127,wi,1
4128,shuhzhe,1
4129,xnn,1
4130,hu,1
4131,xntng,1
4132,rnhu,1
4133,qsh,1
4134,rzi,1
4135,ky,1
4136,chle,1
4137,huy,2
4138,sn,1
4139,xi,1
4140,shk,1
4141,qngxng,1
4142,ynli,1
4143,chngdn,1
4144,ks,1
4145,nxi,2
4146,zur,1
4147,yrn,3
4148,bnfnzhe,1
4149,du,3
4150,xxn,1
4151,shucngzhe,1
4152,yx,2
4153,jd,1
4154,wngle,1
4155,bsh,1
4156,nm,1
4157,zhngyole,1
4158,zh,3
4159,qdi,2
4160,huli,12
4161,nng,4
4162,kuil,3
4163,jish,2
4164,xing,2
4165,wmen,6
4166,zuzhe,2
4167,zhsh,2
4168,zi,3
4169,bngjinle,2
4170,cho,2
4171,gz,2
4172,rnshng,5
4173,zhuxnle,2
4174,wln,2
4175,gsh,3
4176,znmle,2
4177,rng,3
4178,jngcizhe,2
4179,qdizhu,2
4180,lishuzhng,1
4181,kn,3
4182,zhn,2
4183,zyule,1
4184,qni,2
4185,gngtng,1
4186,zugu,1
4187,qzh,1
4188,di,1
4189,li,1
4190,dole,1
4191,yk,1
4192,zhngu,1
4193,yng,1
4194,xngf,2
4195,yhn,1
4196,bozhe,1
4197,zhm,1
4198,chozhe,1
4199,wili,1
4200,qinjnle,1
4201,hnxn,1
4202,hutu,1
4203,lishu,1
4204,zhng,1
4205,一無所有,1
4206,藍藍,1
4207,噗通通通,2
4208,輕飄飄飄,2
4209,溜走,2
4210,哎呀,2
4211,呀呀,2
4212,留在,2
4213,學到,1
4214,carry,2
4215,對決,1
4216,主打,1
4217,Will,10
4218,Carry,15
4219,You,15
4220,抵達,1
4221,殘存,1
4222,痴狂,1
4223,心靈,2
4224,雞湯,1
4225,砒霜,1
4226,拘泥,1
4227,對仗,1
4228,殞亡,1
4229,修羅場,1
4230,孤掌,1
4231,世態,1
4232,炎涼,1
4233,缺少,1
4234,入死,1
4235,末路,1
4236,生路,1
4237,四捨,1
4238,五入,1
4239,上路,1
4240,上中下路,1
4241,痛楚,1
4242,榮耀,1
4243,人物,1
4244,槍子,1
4245,鑽來鑽去,1
4246,打破,1
4247,今眠,1
4248,巷仔,1
4249,想來想去,1
4250,舒適,1
4251,風吹草動,1
4252,耙仔,1
4253,Ho,10
4254,See,10
4255,呼伊,5
4256,倒下去,1
4257,卡大支,1
4258,HoSee,2
4259,過甲,1
4260,若是,2
4261,下去,1
4262,變臉,1
4263,變甲,2
4264,義氣,1
4265,歹逗陣,1
4266,攏溜,1
4267,昨眠閣,1
4268,四面八方,1
4269,團團,1
4270,左邊,1
4271,右邊,1
4272,出去,1
